{
  "best_global_step": null,
  "best_metric": null,
  "best_model_checkpoint": null,
  "epoch": 0.025,
  "eval_steps": 500,
  "global_step": 10,
  "is_hyper_param_search": false,
  "is_local_process_zero": true,
  "is_world_process_zero": true,
  "log_history": [
    {
      "clip_ratio/high_max": 0.0,
      "clip_ratio/high_mean": 0.0,
      "clip_ratio/low_mean": 0.0020011526066809893,
      "clip_ratio/low_min": 0.0020011526066809893,
      "clip_ratio/region_mean": 0.0020011526066809893,
      "completions/clipped_ratio": 0.25,
      "completions/max_length": 256.0,
      "completions/max_terminated_length": 254.0,
      "completions/mean_length": 223.0,
      "completions/mean_terminated_length": 212.0,
      "completions/min_length": 166.0,
      "completions/min_terminated_length": 166.0,
      "entropy": 0.47676149010658264,
      "epoch": 0.005,
      "frac_reward_zero_std": 0.0,
      "grad_norm": 0.013920027762651443,
      "learning_rate": 9e-05,
      "loss": 0.09796342253684998,
      "num_tokens": 2608.0,
      "reward": 0.125,
      "reward_std": 0.3535533845424652,
      "rewards/accuracy_reward_func/mean": 0.125,
      "rewards/accuracy_reward_func/std": 0.3535533845424652,
      "rewards/format_reward_func/mean": 0.0,
      "rewards/format_reward_func/std": 0.0,
      "step": 2,
      "step_time": 32.44163439600379
    },
    {
      "clip_ratio/high_max": 0.0,
      "clip_ratio/high_mean": 0.0,
      "clip_ratio/low_mean": 0.0024635419249534607,
      "clip_ratio/low_min": 0.0024635419249534607,
      "clip_ratio/region_mean": 0.0024635419249534607,
      "entropy": 0.31065410003066063,
      "epoch": 0.01,
      "grad_norm": 0.08116166293621063,
      "learning_rate": 7e-05,
      "loss": -0.052947331219911575,
      "step": 4,
      "step_time": 1.8259208960080286
    },
    {
      "clip_ratio/high_max": 0.0011520737316459417,
      "clip_ratio/high_mean": 0.0011520737316459417,
      "clip_ratio/low_mean": 0.0009765625,
      "clip_ratio/low_min": 0.0009765625,
      "clip_ratio/region_mean": 0.0021286362316459417,
      "completions/clipped_ratio": 0.375,
      "completions/max_length": 256.0,
      "completions/max_terminated_length": 247.0,
      "completions/mean_length": 216.5,
      "completions/mean_terminated_length": 192.8000030517578,
      "completions/min_length": 140.0,
      "completions/min_terminated_length": 140.0,
      "entropy": 0.27713820338249207,
      "epoch": 0.015,
      "frac_reward_zero_std": 0.0,
      "grad_norm": 0.031011423096060753,
      "learning_rate": 5e-05,
      "loss": -0.019324801862239838,
      "num_tokens": 5164.0,
      "reward": 0.375,
      "reward_std": 0.5175492167472839,
      "rewards/accuracy_reward_func/mean": 0.375,
      "rewards/accuracy_reward_func/std": 0.5175492167472839,
      "rewards/format_reward_func/mean": 0.0,
      "rewards/format_reward_func/std": 0.0,
      "step": 6,
      "step_time": 30.982676603991422
    },
    {
      "clip_ratio/high_max": 0.0,
      "clip_ratio/high_mean": 0.0,
      "clip_ratio/low_mean": 0.003160854452289641,
      "clip_ratio/low_min": 0.003160854452289641,
      "clip_ratio/region_mean": 0.003160854452289641,
      "entropy": 0.32286687195301056,
      "epoch": 0.02,
      "grad_norm": 0.028163565322756767,
      "learning_rate": 3e-05,
      "loss": 0.0970979630947113,
      "step": 8,
      "step_time": 1.7752076035103528
    },
    {
      "clip_ratio/high_max": 0.0,
      "clip_ratio/high_mean": 0.0,
      "clip_ratio/low_mean": 0.0,
      "clip_ratio/low_min": 0.0,
      "clip_ratio/region_mean": 0.0,
      "completions/clipped_ratio": 0.375,
      "completions/max_length": 256.0,
      "completions/max_terminated_length": 232.0,
      "completions/mean_length": 223.875,
      "completions/mean_terminated_length": 204.60000610351562,
      "completions/min_length": 185.0,
      "completions/min_terminated_length": 185.0,
      "entropy": 0.42319728806614876,
      "epoch": 0.025,
      "frac_reward_zero_std": 1.0,
      "grad_norm": 0.0,
      "learning_rate": 1e-05,
      "loss": 0.0,
      "num_tokens": 7571.0,
      "reward": 0.0,
      "reward_std": 0.0,
      "rewards/accuracy_reward_func/mean": 0.0,
      "rewards/accuracy_reward_func/std": 0.0,
      "rewards/format_reward_func/mean": 0.0,
      "rewards/format_reward_func/std": 0.0,
      "step": 10,
      "step_time": 29.309769396015326
    }
  ],
  "logging_steps": 2,
  "max_steps": 10,
  "num_input_tokens_seen": 7571,
  "num_train_epochs": 1,
  "save_steps": 500,
  "stateful_callbacks": {
    "TrainerControl": {
      "args": {
        "should_epoch_stop": false,
        "should_evaluate": false,
        "should_log": false,
        "should_save": true,
        "should_training_stop": true
      },
      "attributes": {}
    }
  },
  "total_flos": 0.0,
  "train_batch_size": 1,
  "trial_name": null,
  "trial_params": null
}
